# name: Star, type A0(v)
# kind: white_reference
# channel: 
# manufacturer: A. Pickles (A.J. Pickles, PASP 110,863, 1998)
# source: https://gitlab.com/free-astro/siril-spcc-database/-/blob/main/wb_refs/Star_a0v.json
# origin: https://www.eso.org/sci/facilities/paranal/decommissioned/isaac/tools/lib.html
# license: GPL-3.0-or-later
wavelength_nm,value
115,0.181751
115.5,0.203323
116,0.142062
116.5,0
117,0.00556
117.5,0
118,0
118.5,0
119,0
119.5,0
120,0.001004
120.5,0.010154
121,0.022296
121.5,0.030977
122,0.038257
122.5,0.03288
123,0.034612
123.5,0.036263
124,0.032804
124.5,0.044974
125,0.08978
125.5,0.107513
126,0.102995
126.5,0.163623
127,0.287057
127.5,0.339408
128,0.464954
128.5,0.543897
129,0.583538
129.5,0.652544
130,0.56833
130.5,0.465444
131,0.558746
131.5,0.815444
132,0.91704
132.5,0.916888
133,0.866914
133.5,0.921322
134,1.12917
134.5,1.1484
135,1.0411
135.5,0.968124
136,0.997185
136.5,1.00589
137,1.01463
137.5,1.07566
138,1.0692
138.5,1.10406
139,1.12531
139.5,1.07873
140,1.1006
140.5,1.15421
141,1.13758
141.5,1.1848
142,1.26911
142.5,1.30451
143,1.21999
143.5,1.18674
144,1.30985
144.5,1.4068
145,1.48666
145.5,1.48458
146,1.45136
146.5,1.36587
147,1.31562
147.5,1.33258
148,1.38742
148.5,1.51995
149,1.62769
149.5,1.64812
150,1.68452
150.5,1.54849
151,1.37271
151.5,1.42765
152,1.56351
152.5,1.45553
153,1.41006
153.5,1.45765
154,1.57857
154.5,1.60338
155,1.5613
155.5,1.5036
156,1.46959
156.5,1.54003
157,1.51355
157.5,1.53142
158,1.6506
158.5,1.63429
159,1.60441
159.5,1.58461
160,1.62031
160.5,1.57499
161,1.56623
161.5,1.57018
162,1.5451
162.5,1.54871
163,1.56556
163.5,1.53556
164,1.49662
164.5,1.52779
165,1.45642
165.5,1.30714
166,1.37676
166.5,1.4695
167,1.33426
167.5,1.41123
168,1.52983
168.5,1.53379
169,1.51936
169.5,1.50192
170,1.49516
170.5,1.47683
171,1.49811
171.5,1.48997
172,1.4391
172.5,1.44489
173,1.50496
173.5,1.49987
174,1.52096
174.5,1.55713
175,1.59724
175.5,1.65085
176,1.55438
176.5,1.48154
177,1.54791
177.5,1.61863
178,1.61189
178.5,1.42746
179,1.24052
179.5,1.56454
180,1.69243
180.5,1.62237
181,1.61068
181.5,1.62451
182,1.63644
182.5,1.61523
183,1.5701
183.5,1.54561
184,1.47433
184.5,1.45012
185,1.49297
185.5,1.49384
186,1.50223
186.5,1.5232
187,1.56563
187.5,1.55951
188,1.55931
188.5,1.55041
189,1.51548
189.5,1.46653
190,1.4325
190.5,1.45118
191,1.45412
191.5,1.4494
192,1.45092
192.5,1.45128
193,1.47497
193.5,1.49421
194,1.51055
194.5,1.51365
195,1.51681
195.5,1.51734
196,1.51285
196.5,1.49429
197,1.55698
197.5,1.61251
198,1.5771
198.5,1.57575
199,1.46247
199.5,1.3463
200,1.41597
200.5,1.44713
201,1.4088
201.5,1.41038
202,1.40568
202.5,1.3852
203,1.4238
203.5,1.39491
204,1.35179
204.5,1.38579
205,1.40817
205.5,1.4156
206,1.40248
206.5,1.35899
207,1.3773
207.5,1.46374
208,1.52661
208.5,1.54047
209,1.51575
209.5,1.44425
210,1.37661
210.5,1.37253
211,1.41242
211.5,1.39184
212,1.35797
212.5,1.44159
213,1.41903
213.5,1.31145
214,1.22976
214.5,1.26993
215,1.35926
215.5,1.39373
216,1.42712
216.5,1.30544
217,1.24055
217.5,1.17919
218,1.18299
218.5,1.28843
219,1.35252
219.5,1.37848
220,1.39761
220.5,1.31498
221,1.2191
221.5,1.15542
222,1.14299
222.5,1.14497
223,1.1685
223.5,1.14432
224,1.17765
224.5,1.11767
225,1.16166
225.5,1.16458
226,1.14834
226.5,1.14307
227,1.15886
227.5,1.15564
228,1.16762
228.5,1.17851
229,1.23165
229.5,1.2585
230,1.22708
230.5,1.2135
231,1.23425
231.5,1.22196
232,1.11871
232.5,1.11494
233,1.16287
233.5,1.14467
234,1.10467
234.5,1.08239
235,1.0646
235.5,1.02845
236,1.04052
236.5,1.0226
237,1.03288
237.5,1.01622
238,1.08148
238.5,1.01178
239,0.897727
239.5,0.887073
240,0.960789
240.5,0.9454
241,0.878021
241.5,0.924556
242,0.97092
242.5,1.00937
243,1.06437
243.5,1.01774
244,0.982849
244.5,1.04086
245,1.08663
245.5,1.0977
246,1.10261
246.5,1.07713
247,1.01505
247.5,0.990589
248,1.00385
248.5,0.959149
249,0.914129
249.5,0.890856
250,1.04817
250.5,1.03285
251,0.991732
251.5,1.03193
252,0.983655
252.5,0.927448
253,0.917317
253.5,0.986263
254,0.991221
254.5,0.941384
255,0.95825
255.5,0.986258
256,0.994516
256.5,1.0164
257,1.07436
257.5,1.03931
258,0.793666
258.5,0.766393
259,0.950952
259.5,1.04149
260,1.04067
260.5,1.01807
261,1.02571
261.5,1.01542
262,1.04884
262.5,1.03989
263,1.01722
263.5,1.0596
264,1.06471
264.5,1.10017
265,1.14433
265.5,1.15093
266,1.10812
266.5,1.06543
267,1.0119
267.5,1.00832
268,1.06555
268.5,1.09049
269,1.05573
269.5,0.997226
270,1.0155
270.5,1.05422
271,0.997694
271.5,0.992235
272,0.993181
272.5,0.978159
273,0.996837
273.5,1.03514
274,1.03107
274.5,0.98061
275,0.959419
275.5,0.921392
276,0.93869
276.5,0.981846
277,0.989572
277.5,1.02603
278,1.08719
278.5,1.0394
279,1.01321
279.5,0.95979
280,0.854565
280.5,0.847115
281,0.920482
281.5,1.02754
282,1.06846
282.5,1.03637
283,1.00269
283.5,1.02312
284,1.05093
284.5,1.03585
285,0.998238
285.5,0.961054
286,0.959937
286.5,0.992102
287,1.00349
287.5,0.990969
288,0.981512
288.5,1.00346
289,1.02557
289.5,1.00737
290,0.995669
290.5,1.01671
291,1.07656
291.5,1.08248
292,1.08602
292.5,1.04087
293,1.02706
293.5,1.04456
294,1.04255
294.5,1.06867
295,1.0226
295.5,1.06524
296,1.09538
296.5,1.07101
297,1.06161
297.5,1.08071
298,1.07243
298.5,1.05478
299,1.0799
299.5,1.0702
300,1.07597
300.5,1.04276
301,1.06643
301.5,1.04253
302,1.00171
302.5,1.01439
303,1.01993
303.5,1.02289
304,1.05764
304.5,1.05159
305,1.03662
305.5,1.03642
306,1.00597
306.5,0.974454
307,0.956507
307.5,0.972521
308,1.04536
308.5,1.04663
309,1.01376
309.5,1.02799
310,1.01114
310.5,0.982877
311,0.95348
311.5,0.946203
312,0.965026
312.5,1.0131
313,1.05412
313.5,1.00773
314,0.985666
314.5,1.03404
315,1.03831
315.5,1.02404
316,1.0035
316.5,1.02523
317,1.05274
317.5,1.04552
318,0.998782
318.5,1.01468
319,1.07333
319.5,1.07159
320,1.02561
320.5,1.02712
321,1.02881
321.5,1.01181
322,0.989788
322.5,0.97996
323,0.98122
323.5,0.98717
324,0.988567
324.5,0.980252
325,0.976231
325.5,0.988487
326,1.00172
326.5,1.00003
327,0.992324
327.5,0.989331
328,0.984206
328.5,0.971932
329,0.972359
329.5,0.999411
330,1.01843
330.5,0.998059
331,0.968613
331.5,0.96423
332,0.972542
332.5,0.975001
333,0.974833
333.5,0.978138
334,0.980742
334.5,0.977971
335,0.97343
335.5,0.970812
336,0.965897
336.5,0.955103
337,0.945304
337.5,0.942864
338,0.941656
338.5,0.935501
339,0.930504
339.5,0.934256
340,0.947981
340.5,0.968577
341,0.981979
341.5,0.977178
342,0.966353
342.5,0.962162
343,0.955995
343.5,0.939342
344,0.925386
344.5,0.926828
345,0.932775
345.5,0.931227
346,0.929353
346.5,0.93483
347,0.938193
347.5,0.930411
348,0.921333
348.5,0.920843
349,0.920065
349.5,0.910705
350,0.905543
350.5,0.916023
351,0.922815
351.5,0.919272
352,0.916501
352.5,0.917938
353,0.925882
353.5,0.934025
354,0.934882
354.5,0.928635
355,0.922378
355.5,0.919969
356,0.917202
356.5,0.90607
357,0.894498
357.5,0.893153
358,0.892547
358.5,0.887421
359,0.889092
359.5,0.895562
360,0.897085
360.5,0.896206
361,0.883098
361.5,0.881046
362,0.885908
362.5,0.896548
363,0.899074
363.5,0.90141
364,0.903462
364.5,0.900716
365,0.907777
365.5,0.919733
366,0.921648
366.5,0.91967
367,0.917523
367.5,0.90844
368,0.897727
368.5,0.89579
369,0.904367
369.5,0.916081
370,0.920332
370.5,0.942691
371,0.962079
371.5,1.00647
372,1.01592
372.5,1.06686
373,1.07168
373.5,1.02315
374,1.15286
374.5,1.12198
375,1.01411
375.5,1.17645
376,1.30851
376.5,1.20392
377,1.05859
377.5,1.25484
378,1.54744
378.5,1.62936
379,1.42145
379.5,1.13272
380,1.15113
380.5,1.51222
381,1.80852
381.5,1.90682
382,1.84835
382.5,1.60586
383,1.2393
383.5,1.02481
384,1.28841
384.5,1.66527
385,1.96749
385.5,2.13363
386,2.22218
386.5,2.2409
387,2.13104
387.5,1.8926
388,1.56164
388.5,1.1717
389,1.06677
389.5,1.38176
390,1.75719
390.5,2.01589
391,2.21177
391.5,2.31384
392,2.36487
392.5,2.32377
393,2.08637
393.5,2.05626
394,2.21262
394.5,2.21218
395,2.07272
395.5,1.8772
396,1.55922
396.5,1.14335
397,0.985721
397.5,1.27513
398,1.6496
398.5,1.94694
399,2.15571
399.5,2.27232
400,2.34079
400.5,2.3644
401,2.39262
401.5,2.4027
402,2.40621
402.5,2.38591
403,2.36398
403.5,2.36297
404,2.35762
404.5,2.34914
405,2.3566
405.5,2.33783
406,2.30793
406.5,2.257
407,2.18253
407.5,2.09717
408,2.00509
408.5,1.87157
409,1.6421
409.5,1.32783
410,1.07318
410.5,1.11394
411,1.36401
411.5,1.62128
412,1.83132
412.5,1.96855
413,2.06015
413.5,2.15128
414,2.21491
414.5,2.24961
415,2.2682
415.5,2.26945
416,2.26914
416.5,2.26357
417,2.22593
417.5,2.19553
418,2.1812
418.5,2.18156
419,2.19919
419.5,2.20872
420,2.21138
420.5,2.247
421,2.25717
421.5,2.22909
422,2.20193
422.5,2.16755
423,2.15337
423.5,2.15365
424,2.15001
424.5,2.12497
425,2.11402
425.5,2.11539
426,2.10949
426.5,2.11013
427,2.09703
427.5,2.1172
428,2.13655
428.5,2.12638
429,2.08319
429.5,2.03782
430,1.97036
430.5,1.93239
431,1.91104
431.5,1.88185
432,1.81021
432.5,1.6522
433,1.4276
433.5,1.14892
434,0.971719
434.5,1.05399
435,1.26957
435.5,1.50691
436,1.69361
436.5,1.82473
437,1.88927
437.5,1.91523
438,1.91999
438.5,1.91501
439,1.92841
439.5,1.93573
440,1.93514
440.5,1.94184
441,1.94249
441.5,1.92402
442,1.92978
442.5,1.93577
443,1.91679
443.5,1.90854
444,1.90161
444.5,1.90588
445,1.91301
445.5,1.90408
446,1.88647
446.5,1.86754
447,1.85208
447.5,1.84893
448,1.82284
448.5,1.8314
449,1.84585
449.5,1.85529
450,1.85885
450.5,1.86087
451,1.86303
451.5,1.84829
452,1.82641
452.5,1.80991
453,1.79629
453.5,1.80248
454,1.80279
454.5,1.77159
455,1.74762
455.5,1.75456
456,1.76405
456.5,1.75846
457,1.74494
457.5,1.73935
458,1.72182
458.5,1.70247
459,1.71064
459.5,1.72139
460,1.72089
460.5,1.72744
461,1.72223
461.5,1.70824
462,1.7086
462.5,1.69616
463,1.68296
463.5,1.68037
464,1.68165
464.5,1.67787
465,1.68106
465.5,1.67898
466,1.67437
466.5,1.65907
467,1.64399
467.5,1.63696
468,1.64057
468.5,1.65456
469,1.64464
469.5,1.64166
470,1.63785
470.5,1.63687
471,1.62578
471.5,1.6026
472,1.59107
472.5,1.5924
473,1.58328
473.5,1.56899
474,1.56876
474.5,1.57396
475,1.57359
475.5,1.56395
476,1.54359
476.5,1.53635
477,1.53485
477.5,1.53841
478,1.5344
478.5,1.53235
479,1.53666
479.5,1.53265
480,1.50727
480.5,1.49001
481,1.47546
481.5,1.46482
482,1.44688
482.5,1.41437
483,1.38295
483.5,1.34541
484,1.2928
484.5,1.20586
485,1.06635
485.5,0.876355
486,0.740252
486.5,0.799844
487,0.949182
487.5,1.08552
488,1.19902
488.5,1.27446
489,1.32685
489.5,1.36045
490,1.37064
490.5,1.38142
491,1.39031
491.5,1.38738
492,1.36936
492.5,1.37129
493,1.38075
493.5,1.37587
494,1.3892
494.5,1.40309
495,1.39642
495.5,1.3808
496,1.38703
496.5,1.39349
497,1.3934
497.5,1.39373
498,1.37395
498.5,1.35831
499,1.36222
499.5,1.35183
500,1.33684
500.5,1.33748
501,1.33472
501.5,1.31552
502,1.31174
502.5,1.32828
503,1.32683
503.5,1.32465
504,1.32041
504.5,1.32052
505,1.31164
505.5,1.30859
506,1.3159
506.5,1.30789
507,1.30886
507.5,1.29983
508,1.29416
508.5,1.30341
509,1.30624
509.5,1.29505
510,1.28655
510.5,1.29131
511,1.29282
511.5,1.30097
512,1.29276
512.5,1.27849
513,1.27587
513.5,1.27107
514,1.26303
514.5,1.26012
515,1.25258
515.5,1.24248
516,1.2342
516.5,1.204
517,1.18815
517.5,1.20741
518,1.20843
518.5,1.19863
519,1.20353
519.5,1.20365
520,1.19272
520.5,1.18168
521,1.187
521.5,1.19655
522,1.20154
522.5,1.18972
523,1.18282
523.5,1.18122
524,1.17815
524.5,1.17821
525,1.17371
525.5,1.17651
526,1.16555
526.5,1.13823
527,1.12546
527.5,1.12563
528,1.13192
528.5,1.14412
529,1.15773
529.5,1.16064
530,1.15241
530.5,1.14109
531,1.12822
531.5,1.12113
532,1.1241
532.5,1.11597
533,1.10969
533.5,1.1099
534,1.11329
534.5,1.11823
535,1.12756
535.5,1.13035
536,1.11401
536.5,1.09697
537,1.08841
537.5,1.09287
538,1.09664
538.5,1.09928
539,1.09886
539.5,1.08744
540,1.0751
540.5,1.06753
541,1.06942
541.5,1.0727
542,1.07149
542.5,1.06349
543,1.0563
543.5,1.05766
544,1.05837
544.5,1.05868
545,1.05902
545.5,1.05857
546,1.05796
546.5,1.05402
547,1.04741
547.5,1.04251
548,1.04266
548.5,1.04413
549,1.03702
549.5,1.03367
550,1.0315
550.5,1.02296
551,1.01546
551.5,1.02097
552,1.02104
552.5,1.01397
553,1.00826
553.5,1.00931
554,1.0052
554.5,1.00328
555,1.01106
555.5,1.01281
556,1.00936
556.5,1.00114
557,0.995758
557.5,0.995112
558,0.993655
558.5,0.985399
559,0.980309
559.5,0.97151
560,0.969788
560.5,0.971245
561,0.969932
561.5,0.96135
562,0.961391
562.5,0.964294
563,0.963931
563.5,0.964918
564,0.964163
564.5,0.959639
565,0.952994
565.5,0.944186
566,0.934322
566.5,0.935654
567,0.940013
567.5,0.940889
568,0.932962
568.5,0.925541
569,0.926619
569.5,0.922722
570,0.919115
570.5,0.918732
571,0.922994
571.5,0.927025
572,0.923747
572.5,0.920432
573,0.916399
573.5,0.912506
574,0.907463
574.5,0.901393
575,0.896856
575.5,0.896227
576,0.902244
576.5,0.899645
577,0.891126
577.5,0.883296
578,0.874814
578.5,0.875782
579,0.87635
579.5,0.868799
580,0.867793
580.5,0.871261
581,0.868453
581.5,0.866922
582,0.870531
582.5,0.874054
583,0.877312
583.5,0.873676
584,0.868309
584.5,0.863822
585,0.863795
585.5,0.860255
586,0.864186
586.5,0.861657
587,0.855994
587.5,0.849204
588,0.840569
588.5,0.82301
589,0.808472
589.5,0.809661
590,0.82773
590.5,0.830761
591,0.826676
591.5,0.826644
592,0.825769
592.5,0.821208
593,0.819709
593.5,0.819495
594,0.814234
594.5,0.807174
595,0.804822
595.5,0.804437
596,0.80284
596.5,0.804999
597,0.802897
597.5,0.799626
598,0.797863
598.5,0.797071
599,0.792456
599.5,0.794637
600,0.794601
600.5,0.791093
601,0.788428
601.5,0.785948
602,0.782421
602.5,0.781103
603,0.779333
603.5,0.778514
604,0.77516
604.5,0.776237
605,0.773777
605.5,0.771288
606,0.770566
606.5,0.768194
607,0.768426
607.5,0.763557
608,0.757481
608.5,0.755058
609,0.755177
609.5,0.754559
610,0.752717
610.5,0.748703
611,0.748352
611.5,0.749442
612,0.747081
612.5,0.745749
613,0.746761
613.5,0.744312
614,0.738706
614.5,0.732324
615,0.727165
615.5,0.721943
616,0.720105
616.5,0.725232
617,0.724474
617.5,0.728876
618,0.726868
618.5,0.722772
619,0.724229
619.5,0.730074
620,0.726416
620.5,0.719998
621,0.716323
621.5,0.713357
622,0.708544
622.5,0.704178
623,0.701025
623.5,0.700081
624,0.698933
624.5,0.698172
625,0.698888
625.5,0.701625
626,0.700791
626.5,0.694674
627,0.687126
627.5,0.676533
628,0.665254
628.5,0.674913
629,0.680504
629.5,0.680416
630,0.676011
630.5,0.673755
631,0.672402
631.5,0.669672
632,0.671742
632.5,0.675309
633,0.672874
633.5,0.671399
634,0.669285
634.5,0.662524
635,0.66075
635.5,0.665366
636,0.666667
636.5,0.664504
637,0.659935
637.5,0.660673
638,0.661222
638.5,0.657684
639,0.654948
639.5,0.655631
640,0.656793
640.5,0.654182
641,0.650239
641.5,0.648577
642,0.646361
642.5,0.648377
643,0.646862
643.5,0.647049
644,0.647712
644.5,0.641928
645,0.637801
645.5,0.633519
646,0.632811
646.5,0.63375
647,0.631497
647.5,0.6264
648,0.623332
648.5,0.62346
649,0.618315
649.5,0.613227
650,0.61724
650.5,0.618455
651,0.612423
651.5,0.604327
652,0.599741
652.5,0.593783
653,0.585786
653.5,0.577994
654,0.559423
654.5,0.530566
655,0.49482
655.5,0.445639
656,0.387141
656.5,0.383494
657,0.440645
657.5,0.490634
658,0.526743
658.5,0.55045
659,0.567959
659.5,0.576827
660,0.58157
660.5,0.582938
661,0.585495
661.5,0.589771
662,0.588803
662.5,0.590842
663,0.588545
663.5,0.586986
664,0.588796
664.5,0.587881
665,0.586622
665.5,0.583577
666,0.582297
666.5,0.577257
667,0.57684
667.5,0.574182
668,0.57501
668.5,0.577058
669,0.577292
669.5,0.576001
670,0.572869
670.5,0.572201
671,0.569137
671.5,0.565666
672,0.566061
672.5,0.567662
673,0.563994
673.5,0.562363
674,0.559562
674.5,0.559246
675,0.558876
675.5,0.557265
676,0.556734
676.5,0.555203
677,0.5536
677.5,0.552449
678,0.552745
678.5,0.550434
679,0.552717
679.5,0.553126
680,0.551552
680.5,0.551454
681,0.549133
681.5,0.54874
682,0.547746
682.5,0.544781
683,0.542914
683.5,0.541328
684,0.539912
684.5,0.540229
685,0.542038
685.5,0.543049
686,0.541932
686.5,0.539451
687,0.537691
687.5,0.537832
688,0.538934
688.5,0.538634
689,0.5351
689.5,0.52877
690,0.522335
690.5,0.518858
691,0.519544
691.5,0.522964
692,0.526103
692.5,0.526447
693,0.523623
693.5,0.519398
694,0.516242
694.5,0.515648
695,0.517246
695.5,0.519189
696,0.519594
696.5,0.517884
697,0.514923
697.5,0.512839
698,0.511897
698.5,0.512649
699,0.509168
699.5,0.508755
700,0.507389
700.5,0.504241
701,0.503905
701.5,0.501765
702,0.499839
702.5,0.497949
703,0.499422
703.5,0.498656
704,0.495765
704.5,0.496395
705,0.499189
705.5,0.499314
706,0.499049
706.5,0.498177
707,0.497152
707.5,0.494278
708,0.493516
708.5,0.493479
709,0.492319
709.5,0.491148
710,0.489862
710.5,0.486858
711,0.483619
711.5,0.481052
712,0.481716
712.5,0.484591
713,0.48084
713.5,0.481651
714,0.484793
714.5,0.481697
715,0.481246
715.5,0.486243
716,0.484457
716.5,0.479726
717,0.468617
717.5,0.460054
718,0.454525
718.5,0.445861
719,0.446275
719.5,0.445152
720,0.441943
720.5,0.440879
721,0.458005
721.5,0.469662
722,0.472794
722.5,0.468631
723,0.460114
723.5,0.450098
724,0.450005
724.5,0.445188
725,0.443737
725.5,0.44316
726,0.450329
726.5,0.453331
727,0.455126
727.5,0.445824
728,0.442898
728.5,0.448625
729,0.441254
729.5,0.442551
730,0.443547
730.5,0.444674
731,0.442466
731.5,0.442171
732,0.440274
732.5,0.440797
733,0.438235
733.5,0.440354
734,0.439209
734.5,0.437955
735,0.436961
735.5,0.436011
736,0.434783
736.5,0.434848
737,0.432394
737.5,0.432349
738,0.433036
738.5,0.433852
739,0.435932
739.5,0.433486
740,0.432015
740.5,0.428357
741,0.42412
741.5,0.42657
742,0.431545
742.5,0.428953
743,0.429413
743.5,0.427864
744,0.424417
744.5,0.420214
745,0.417546
745.5,0.415445
746,0.412012
746.5,0.411861
747,0.412201
747.5,0.415711
748,0.418427
748.5,0.419049
749,0.416838
749.5,0.412928
750,0.410493
750.5,0.408522
751,0.408693
751.5,0.41098
752,0.412988
752.5,0.412496
753,0.410266
753.5,0.407872
754,0.407964
754.5,0.408424
755,0.408889
755.5,0.407197
756,0.403182
756.5,0.398006
757,0.396316
757.5,0.399426
758,0.408053
758.5,0.416527
759,0.418298
759.5,0.410939
760,0.398171
760.5,0.387409
761,0.384712
761.5,0.390478
762,0.399103
762.5,0.403505
763,0.400258
763.5,0.391546
764,0.383008
764.5,0.379319
765,0.38101
765.5,0.385077
766,0.38814
766.5,0.388938
767,0.388478
767.5,0.388207
768,0.388128
768.5,0.386759
769,0.383143
769.5,0.37824
770,0.374644
770.5,0.374786
771,0.378761
771.5,0.384052
772,0.387307
772.5,0.379778
773,0.378008
773.5,0.375933
774,0.374159
774.5,0.374499
775,0.377602
775.5,0.379436
776,0.378094
776.5,0.373339
777,0.361561
777.5,0.354589
778,0.36547
778.5,0.372405
779,0.375396
779.5,0.377504
780,0.375441
780.5,0.372839
781,0.369793
781.5,0.366151
782,0.365266
782.5,0.36383
783,0.362176
783.5,0.362033
784,0.363228
784.5,0.364155
785,0.365373
785.5,0.366129
786,0.362388
786.5,0.360436
787,0.358388
787.5,0.356062
788,0.356824
788.5,0.356661
789,0.356413
789.5,0.352896
790,0.352643
790.5,0.353626
791,0.352244
791.5,0.348478
792,0.345822
792.5,0.344261
793,0.34508
793.5,0.346678
794,0.346685
794.5,0.343324
795,0.339639
795.5,0.336974
796,0.3383
796.5,0.34317
797,0.347311
797.5,0.349508
798,0.347939
798.5,0.345113
799,0.344387
799.5,0.344671
800,0.345366
800.5,0.345161
801,0.343594
801.5,0.339053
802,0.334836
802.5,0.333275
803,0.334551
803.5,0.337939
804,0.339747
804.5,0.339884
805,0.339712
805.5,0.338381
806,0.335804
806.5,0.333216
807,0.330914
807.5,0.329356
808,0.328766
808.5,0.328813
809,0.328124
809.5,0.327612
810,0.328865
810.5,0.327219
811,0.324668
811.5,0.322779
812,0.321983
812.5,0.321035
813,0.319348
813.5,0.315033
814,0.3148
814.5,0.311295
815,0.308496
815.5,0.306733
816,0.304132
816.5,0.300884
817,0.302679
817.5,0.305764
818,0.301219
818.5,0.302806
819,0.300273
819.5,0.299333
820,0.300343
820.5,0.304406
821,0.307521
821.5,0.306808
822,0.305509
822.5,0.300199
823,0.289992
823.5,0.294647
824,0.300845
824.5,0.300965
825,0.303298
825.5,0.301641
826,0.300903
826.5,0.301967
827,0.303442
827.5,0.298171
828,0.297393
828.5,0.297413
829,0.297336
829.5,0.297581
830,0.296521
830.5,0.296769
831,0.297919
831.5,0.2974
832,0.296959
832.5,0.29486
833,0.296591
833.5,0.295422
834,0.294681
834.5,0.296301
835,0.294597
835.5,0.2957
836,0.294467
836.5,0.2946
837,0.293966
837.5,0.293728
838,0.293804
838.5,0.29331
839,0.292417
839.5,0.291851
840,0.291566
840.5,0.290385
841,0.287584
841.5,0.288367
842,0.288147
842.5,0.28967
843,0.289839
843.5,0.289507
844,0.283611
844.5,0.276913
845,0.281159
845.5,0.285944
846,0.284416
846.5,0.282008
847,0.280488
847.5,0.284115
848,0.28568
848.5,0.286778
849,0.285189
849.5,0.274475
850,0.270005
850.5,0.273692
851,0.279309
851.5,0.283168
852,0.285962
852.5,0.285925
853,0.282583
853.5,0.273948
854,0.258127
854.5,0.253735
855,0.265971
855.5,0.275018
856,0.283288
856.5,0.285008
857,0.286087
857.5,0.284799
858,0.280766
858.5,0.274829
859,0.264067
859.5,0.252793
860,0.250306
860.5,0.259279
861,0.271181
861.5,0.279498
862,0.284287
862.5,0.287573
863,0.286856
863.5,0.286338
864,0.281676
864.5,0.277804
865,0.269458
865.5,0.256682
866,0.237084
866.5,0.228316
867,0.239257
867.5,0.254298
868,0.262843
868.5,0.270235
869,0.277516
869.5,0.282539
870,0.284073
870.5,0.284174
871,0.277839
871.5,0.283596
872,0.280767
872.5,0.275808
873,0.269673
873.5,0.259512
874,0.246847
874.5,0.229009
875,0.218496
875.5,0.226373
876,0.243132
876.5,0.257532
877,0.266325
877.5,0.273084
878,0.279191
878.5,0.274604
879,0.274939
879.5,0.275659
880,0.277358
880.5,0.275689
881,0.283718
881.5,0.276312
882,0.275647
882.5,0.281248
883,0.277759
883.5,0.271701
884,0.263536
884.5,0.247639
885,0.241965
885.5,0.223806
886,0.206907
886.5,0.20549
887,0.222924
887.5,0.238259
888,0.24927
888.5,0.261231
889,0.267794
889.5,0.265412
890,0.267435
890.5,0.271045
891,0.271142
891.5,0.273528
892,0.280429
892.5,0.272948
893,0.280552
893.5,0.280161
894,0.280712
894.5,0.277902
895,0.273739
895.5,0.269398
896,0.26516
896.5,0.258277
897,0.249648
897.5,0.245873
898,0.241439
898.5,0.234129
899,0.223623
899.5,0.221977
900,0.220272
900.5,0.21439
901,0.209945
901.5,0.207717
902,0.21145
902.5,0.223343
903,0.234445
903.5,0.245005
904,0.252999
904.5,0.257445
905,0.26284
905.5,0.262899
906,0.262518
906.5,0.259665
907,0.257987
907.5,0.255984
908,0.254676
908.5,0.253862
909,0.251839
909.5,0.253264
910,0.257221
910.5,0.257053
911,0.261065
911.5,0.264041
912,0.26118
912.5,0.263225
913,0.257342
913.5,0.252475
914,0.251696
914.5,0.253235
915,0.250387
915.5,0.242576
916,0.245816
916.5,0.250651
917,0.25314
917.5,0.247046
918,0.248596
918.5,0.247441
919,0.240678
919.5,0.23469
920,0.229126
920.5,0.224443
921,0.215025
921.5,0.207318
922,0.201475
922.5,0.194374
923,0.190973
923.5,0.19635
924,0.204166
924.5,0.211056
925,0.219031
925.5,0.225638
926,0.228475
926.5,0.234508
927,0.244772
927.5,0.249925
928,0.248717
928.5,0.249623
929,0.248748
929.5,0.243251
930,0.236909
930.5,0.232304
931,0.227318
931.5,0.22101
932,0.21682
932.5,0.216727
933,0.221338
933.5,0.220802
934,0.219328
934.5,0.213393
935,0.227356
935.5,0.222999
936,0.224611
936.5,0.234577
937,0.22768
937.5,0.235085
938,0.234429
938.5,0.23873
939,0.24948
939.5,0.254038
940,0.248912
940.5,0.242781
941,0.238835
941.5,0.232737
942,0.228388
942.5,0.22276
943,0.210919
943.5,0.218602
944,0.20787
944.5,0.21179
945,0.225157
945.5,0.221661
946,0.217307
946.5,0.22182
947,0.223775
947.5,0.221596
948,0.214485
948.5,0.212963
949,0.218806
949.5,0.214117
950,0.20499
950.5,0.205921
951,0.210033
951.5,0.205195
952,0.188097
952.5,0.180081
953,0.177512
953.5,0.179283
954,0.172703
954.5,0.164942
955,0.168364
955.5,0.175767
956,0.179106
956.5,0.190175
957,0.196482
957.5,0.205022
958,0.209433
958.5,0.20944
959,0.21017
959.5,0.20354
960,0.213078
960.5,0.211576
961,0.211642
961.5,0.212166
962,0.207939
962.5,0.208837
963,0.212405
963.5,0.213805
964,0.213752
964.5,0.21212
965,0.214383
965.5,0.21496
966,0.210843
966.5,0.210143
967,0.211318
967.5,0.216211
968,0.212783
968.5,0.215762
969,0.214026
969.5,0.21189
970,0.210853
970.5,0.209639
971,0.21173
971.5,0.213149
972,0.210439
972.5,0.207201
973,0.202945
973.5,0.204475
974,0.203321
974.5,0.20523
975,0.20523
975.5,0.209753
976,0.211071
976.5,0.207982
977,0.21129
977.5,0.21149
978,0.207655
978.5,0.208044
979,0.20589
979.5,0.206898
980,0.208006
980.5,0.212538
981,0.211901
981.5,0.206509
982,0.206125
982.5,0.205469
983,0.208315
983.5,0.202143
984,0.209274
984.5,0.210149
985,0.20665
985.5,0.204388
986,0.20398
986.5,0.203672
987,0.207104
987.5,0.207786
988,0.203337
988.5,0.200196
989,0.199245
989.5,0.198569
990,0.199893
990.5,0.193942
991,0.19448
991.5,0.199013
992,0.196895
992.5,0.199583
993,0.200535
993.5,0.199916
994,0.199683
994.5,0.192748
995,0.188488
995.5,0.185139
996,0.188144
996.5,0.184994
997,0.18761
997.5,0.189416
998,0.186516
998.5,0.191154
999,0.182692
999.5,0.182245
1000,0.178647
1000.5,0.17732
1001,0.17004
1001.5,0.166144
1002,0.159202
1002.5,0.161064
1003,0.154773
1003.5,0.155553
1004,0.148779
1004.5,0.14459
1005,0.145691
1005.5,0.153829
1006,0.150342
1006.5,0.157244
1007,0.164504
1007.5,0.168632
1008,0.16971
1008.5,0.171018
1009,0.175074
1009.5,0.17414
1010,0.176636
1010.5,0.181357
1011,0.180568
1011.5,0.179481
1012,0.179657
1012.5,0.176616
1013,0.180016
1013.5,0.174641
1014,0.177958
1014.5,0.17873
1015,0.179911
1015.5,0.180808
1016,0.180727
1016.5,0.17923
1017,0.176907
1017.5,0.174602
1018,0.17316
1018.5,0.17318
1019,0.174281
1019.5,0.175837
1020,0.177221
1020.5,0.177931
1021,0.177964
1021.5,0.177442
1022,0.176487
1022.5,0.175265
1023,0.174121
1023.5,0.173444
1024,0.173625
1024.5,0.174867
1025,0.176621
1025.5,0.178155
1026,0.178735
1026.5,0.177859
1027,0.175955
1027.5,0.173681
1028,0.171697
1028.5,0.170493
1029,0.169885
1029.5,0.169519
1030,0.169042
1030.5,0.168212
1031,0.167231
1031.5,0.166412
1032,0.166069
1032.5,0.16637
1033,0.166911
1033.5,0.167142
1034,0.166515
1034.5,0.164721
1035,0.162409
1035.5,0.16047
1036,0.159793
1036.5,0.160927
1037,0.163048
1037.5,0.164994
1038,0.1656
1038.5,0.164079
1039,0.16115
1039.5,0.157909
1040,0.155452
1040.5,0.154595
1041,0.155038
1041.5,0.156204
1042,0.157513
1042.5,0.15848
1043,0.158998
1043.5,0.159052
1044,0.158627
1044.5,0.157762
1045,0.156711
1045.5,0.155778
1046,0.15527
1046.5,0.155384
1047,0.155878
1047.5,0.156402
1048,0.156605
1048.5,0.156243
1049,0.155495
1049.5,0.154643
1050,0.153973
