# name: Star, type G2(v)
# kind: white_reference
# channel: 
# manufacturer: A. Pickles (A.J. Pickles, PASP 110,863, 1998)
# source: https://gitlab.com/free-astro/siril-spcc-database/-/blob/main/wb_refs/Star_g2v.json
# origin: https://www.eso.org/sci/facilities/paranal/decommissioned/isaac/tools/lib.html
# license: GPL-3.0-or-later
wavelength_nm,value
115,0.005082
115.5,0.005716
116,0.004689
116.5,0.000359
117,0
117.5,0
118,0.001253
118.5,0.000836
119,0
119.5,0
120,0.000978
120.5,0.003427
121,0.014576
121.5,0.025653
122,0.01579
122.5,0.002736
123,0.000356
123.5,0.000375
124,0.000328
124.5,0.000216
125,0.000167
125.5,0.000174
126,0.000168
126.5,0
127,0
127.5,8.2e-05
128,0.000304
128.5,0.000279
129,5.5e-05
129.5,5.4e-05
130,0.000167
130.5,0
131,0.000126
131.5,0.000262
132,0.000199
132.5,0.000124
133,0.000192
133.5,0.000163
134,5.8e-05
134.5,8e-06
135,7.8e-05
135.5,0.000154
136,0.000179
136.5,0.000231
137,0.000135
137.5,0.000212
138,0.000277
138.5,0.000246
139,6.8e-05
139.5,0.000204
140,0.000291
140.5,0.000394
141,0.000328
141.5,8.4e-05
142,0
142.5,0.000128
143,0.000276
143.5,0.0002
144,0.000343
144.5,0.000711
145,0.000565
145.5,0.000275
146,0.000128
146.5,0.000179
147,0.000329
147.5,0.000381
148,0.000381
148.5,0.000275
149,0.000293
149.5,0.000329
150,0.000325
150.5,0.000311
151,0.000308
151.5,0.000306
152,0.000274
152.5,0.000288
153,0.000351
153.5,0.000427
154,0.000464
154.5,0.000695
155,0.000675
155.5,0.000392
156,0.0005
156.5,0.000524
157,0.000521
157.5,0.000617
158,0.00047
158.5,0.000463
159,0.000489
159.5,0.000344
160,0.00028
160.5,0.000434
161,0.000414
161.5,0.00023
162,0.000187
162.5,0.00029
163,0.000455
163.5,0.000526
164,0.000319
164.5,0.000424
165,0.000534
165.5,0.000466
166,0.000677
166.5,0.000706
167,0.000586
167.5,0.000462
168,0.000664
168.5,0.000652
169,0.000623
169.5,0.000711
170,0.000832
170.5,0.000686
171,0.000569
171.5,0.000627
172,0.000747
172.5,0.000828
173,0.000815
173.5,0.00095
174,0.000995
174.5,0.001181
175,0.001186
175.5,0.00112
176,0.00122
176.5,0.001412
177,0.00149
177.5,0.001745
178,0.001541
178.5,0.001371
179,0.000967
179.5,0.001127
180,0.001467
180.5,0.001623
181,0.001887
181.5,0.002088
182,0.002249
182.5,0.00214
183,0.002131
183.5,0.002192
184,0.002153
184.5,0.001986
185,0.001976
185.5,0.002155
186,0.00245
186.5,0.002617
187,0.002765
187.5,0.00286
188,0.002963
188.5,0.003149
189,0.003294
189.5,0.003313
190,0.002993
190.5,0.003064
191,0.00338
191.5,0.003503
192,0.003759
192.5,0.003608
193,0.003354
193.5,0.003215
194,0.003626
194.5,0.004566
195,0.005012
195.5,0.008995
196,0.010055
196.5,0.004911
197,0.000295
197.5,0
198,0.003241
198.5,0.015064
199,0.015603
199.5,0.009057
200,0.00774
200.5,0
201,0
201.5,0.0007
202,0
202.5,0
203,0
203.5,0
204,0
204.5,0.000341
205,0.005308
205.5,0.006569
206,0.009876
206.5,0.00481
207,0.00411
207.5,0.011889
208,0.020138
208.5,0.015668
209,0.012194
209.5,0.008776
210,0.021611
210.5,0.031566
211,0.031846
211.5,0.026237
212,0.029499
212.5,0.029215
213,0.009825
213.5,0.024919
214,0.028913
214.5,0.030909
215,0.033451
215.5,0.028848
216,0.026421
216.5,0.00941
217,0
217.5,0.012311
218,0.031692
218.5,0.034002
219,0.024761
219.5,0.019812
220,0.029614
220.5,0.027234
221,0.035438
221.5,0.017169
222,0.024701
222.5,0.027087
223,0.018759
223.5,0.026533
224,0.034448
224.5,0.033774
225,0.018539
225.5,0.035133
226,0.035546
226.5,0.021022
227,0.015677
227.5,0.016348
228,0.017509
228.5,0.013526
229,0.023356
229.5,0.025687
230,0.026765
230.5,0.024297
231,0.028361
231.5,0.021753
232,0.030736
232.5,0.044063
233,0.034347
233.5,0.026033
234,0.030064
234.5,0.025175
235,0.025118
235.5,0.028056
236,0.031535
236.5,0.029473
237,0.033593
237.5,0.030104
238,0.028848
238.5,0.025036
239,0.02874
239.5,0.027826
240,0.023852
240.5,0.023307
241,0.024979
241.5,0.028243
242,0.040283
242.5,0.049357
243,0.054097
243.5,0.053936
244,0.053528
244.5,0.045263
245,0.026766
245.5,0.01907
246,0.028033
246.5,0.032614
247,0.031199
247.5,0.031747
248,0.033326
248.5,0.027108
249,0.020692
249.5,0.032735
250,0.047327
250.5,0.047712
251,0.041577
251.5,0.031738
252,0.026462
252.5,0.025625
253,0.032463
253.5,0.035805
254,0.034952
254.5,0.037796
255,0.04248
255.5,0.050775
256,0.052776
256.5,0.061693
257,0.074882
257.5,0.07869
258,0.085599
258.5,0.080713
259,0.075674
259.5,0.06281
260,0.057058
260.5,0.055278
261,0.052596
261.5,0.05863
262,0.068985
262.5,0.06401
263,0.068166
263.5,0.115762
264,0.157758
264.5,0.155111
265,0.14641
265.5,0.16681
266,0.163095
266.5,0.150992
267,0.158767
267.5,0.15349
268,0.153292
268.5,0.153474
269,0.142673
269.5,0.137087
270,0.152027
270.5,0.161003
271,0.152719
271.5,0.142726
272,0.111732
272.5,0.121943
273,0.13076
273.5,0.112199
274,0.085468
274.5,0.076629
275,0.086787
275.5,0.09732
276,0.117896
276.5,0.140208
277,0.151711
277.5,0.132739
278,0.109492
278.5,0.094585
279,0.064213
279.5,0.044813
280,0.045432
280.5,0.058237
281,0.082846
281.5,0.131822
282,0.160971
282.5,0.172266
283,0.183699
283.5,0.182509
284,0.171154
284.5,0.139063
285,0.093371
285.5,0.110207
286,0.17473
286.5,0.197891
287,0.192863
287.5,0.190981
288,0.172387
288.5,0.205484
289,0.225269
289.5,0.230019
290,0.2494
290.5,0.25746
291,0.266879
291.5,0.274093
292,0.264002
292.5,0.251392
293,0.255227
293.5,0.263403
294,0.267518
294.5,0.272634
295,0.272683
295.5,0.28375
296,0.283497
296.5,0.258115
297,0.264793
297.5,0.286063
298,0.26351
298.5,0.245569
299,0.270396
299.5,0.272232
300,0.247853
300.5,0.258144
301,0.28194
301.5,0.272695
302,0.26932
302.5,0.303246
303,0.336718
303.5,0.336059
304,0.325202
304.5,0.33517
305,0.340169
305.5,0.315201
306,0.312508
306.5,0.332141
307,0.357919
307.5,0.360621
308,0.371465
308.5,0.389536
309,0.329768
309.5,0.30013
310,0.318412
310.5,0.377619
311,0.405047
311.5,0.384255
312,0.345787
312.5,0.349035
313,0.392387
313.5,0.393963
314,0.362675
314.5,0.329897
315,0.32969
315.5,0.310953
316,0.330912
316.5,0.354601
317,0.383438
317.5,0.379879
318,0.346311
318.5,0.337924
319,0.339474
319.5,0.357637
320,0.434292
320.5,0.407676
321,0.395703
321.5,0.382476
322,0.365698
322.5,0.344803
323,0.335752
323.5,0.35086
324,0.371337
324.5,0.379684
325,0.394678
325.5,0.434762
326,0.480786
326.5,0.508253
327,0.508896
327.5,0.484463
328,0.460527
328.5,0.462162
329,0.488622
329.5,0.527556
330,0.546023
330.5,0.520585
331,0.486423
331.5,0.480614
332,0.489229
332.5,0.490994
333,0.486301
333.5,0.481693
334,0.486673
334.5,0.504988
335,0.514405
335.5,0.495205
336,0.463719
336.5,0.442079
337,0.439565
337.5,0.457055
338,0.474676
338.5,0.476897
339,0.486304
339.5,0.521697
340,0.548605
340.5,0.533998
341,0.503882
341.5,0.492031
342,0.504248
342.5,0.531607
343,0.534239
343.5,0.484743
344,0.436515
344.5,0.442258
345,0.471081
345.5,0.482779
346,0.483451
346.5,0.486439
347,0.487722
347.5,0.481212
348,0.469911
348.5,0.46128
349,0.471515
349.5,0.508579
350,0.538769
350.5,0.531498
351,0.51876
351.5,0.51385
352,0.50189
352.5,0.494325
353,0.525963
353.5,0.566635
354,0.590042
354.5,0.596099
355,0.585416
355.5,0.566318
356,0.545905
356.5,0.496117
357,0.455816
357.5,0.445318
358,0.412671
358.5,0.413621
359,0.473621
359.5,0.545896
360,0.571384
360.5,0.533555
361,0.48777
361.5,0.488318
362,0.509028
362.5,0.555356
363,0.555075
363.5,0.555206
364,0.571581
364.5,0.552104
365,0.567049
365.5,0.642009
366,0.687129
366.5,0.682047
367,0.660108
367.5,0.643117
368,0.612598
368.5,0.608042
369,0.631152
369.5,0.66526
370,0.670925
370.5,0.626265
371,0.626582
371.5,0.642053
372,0.575034
372.5,0.574043
373,0.552913
373.5,0.493606
374,0.512447
374.5,0.5029
375,0.515827
375.5,0.589654
376,0.592701
376.5,0.606931
377,0.645343
377.5,0.722127
378,0.768365
378.5,0.722539
379,0.639462
379.5,0.595047
380,0.624126
380.5,0.688344
381,0.682991
381.5,0.592221
382,0.50642
382.5,0.434491
383,0.390596
383.5,0.388614
384,0.453437
384.5,0.571416
385,0.619059
385.5,0.585118
386,0.555904
386.5,0.590198
387,0.589577
387.5,0.579261
388,0.571969
388.5,0.561166
389,0.58727
389.5,0.645114
390,0.667237
390.5,0.682108
391,0.731181
391.5,0.728618
392,0.645622
392.5,0.500201
393,0.338399
393.5,0.323218
394,0.462809
394.5,0.60531
395,0.707606
395.5,0.706217
396,0.586114
396.5,0.405779
397,0.370592
397.5,0.564894
398,0.765395
398.5,0.851625
399,0.881534
399.5,0.894116
400,0.90563
400.5,0.909692
401,0.935471
401.5,0.95949
402,0.968435
402.5,0.956982
403,0.931391
403.5,0.942599
404,0.954668
404.5,0.915544
405,0.925731
405.5,0.912356
406,0.888346
406.5,0.886738
407,0.903187
407.5,0.906994
408,0.930557
408.5,0.984106
409,0.997511
409.5,0.924068
410,0.838686
410.5,0.880407
411,0.970122
411.5,1.00817
412,1.00211
412.5,0.975973
413,0.95174
413.5,0.965156
414,0.984227
414.5,0.973429
415,0.97226
415.5,0.972471
416,0.993926
416.5,0.992176
417,0.958356
417.5,0.934049
418,0.940842
418.5,0.941747
419,0.946738
419.5,0.929488
420,0.912858
420.5,0.957974
421,1.00129
421.5,0.995049
422,0.953452
422.5,0.883585
423,0.896658
423.5,0.924826
424,0.942473
424.5,0.934806
425,0.909864
425.5,0.90842
426,0.915789
426.5,0.91239
427,0.864865
427.5,0.871388
428,0.902695
428.5,0.886512
429,0.845403
429.5,0.786818
430,0.69612
430.5,0.652619
431,0.694093
431.5,0.861021
432,0.972003
432.5,0.953444
433,0.965911
433.5,0.92104
434,0.853788
434.5,0.904223
435,0.96063
435.5,0.987351
436,1.01664
436.5,1.02887
437,1.00323
437.5,0.964771
438,0.923884
438.5,0.887943
439,0.931171
439.5,0.974085
440,0.98281
440.5,0.980564
441,1.01929
441.5,1.04105
442,1.0641
442.5,1.06903
443,1.06251
443.5,1.05042
444,1.06272
444.5,1.07805
445,1.07417
445.5,1.02164
446,1.00732
446.5,1.04401
447,1.09192
447.5,1.11516
448,1.10205
448.5,1.0992
449,1.10045
449.5,1.11264
450,1.14189
450.5,1.16751
451,1.16892
451.5,1.14148
452,1.11903
452.5,1.05889
453,1.02334
453.5,1.06288
454,1.10613
454.5,1.09199
455,1.07156
455.5,1.10012
456,1.13139
456.5,1.131
457,1.13672
457.5,1.12961
458,1.10315
458.5,1.1021
459,1.10648
459.5,1.09805
460,1.0952
460.5,1.1159
461,1.13005
461.5,1.12775
462,1.13749
462.5,1.13951
463,1.1338
463.5,1.11281
464,1.10181
464.5,1.0817
465,1.07849
465.5,1.10315
466,1.11831
466.5,1.072
467,1.0629
467.5,1.08319
468,1.09189
468.5,1.10005
469,1.09973
469.5,1.09082
470,1.05802
470.5,1.05023
471,1.06833
471.5,1.10334
472,1.12973
472.5,1.10963
473,1.07524
473.5,1.08483
474,1.10834
474.5,1.12609
475,1.12045
475.5,1.10145
476,1.09234
476.5,1.08209
477,1.10499
477.5,1.13249
478,1.13516
478.5,1.11382
479,1.10945
479.5,1.12842
480,1.13077
480.5,1.11882
481,1.11283
481.5,1.13048
482,1.13203
482.5,1.11532
483,1.10874
483.5,1.10111
484,1.09051
484.5,1.09848
485,1.07724
485.5,0.978746
486,0.871057
486.5,0.920138
487,0.993945
487.5,1.04303
488,1.07185
488.5,1.04618
489,1.03457
489.5,1.08444
490,1.11493
490.5,1.11198
491,1.08406
491.5,1.04806
492,1.00247
492.5,1.04906
493,1.09746
493.5,1.07487
494,1.06634
494.5,1.10498
495,1.11581
495.5,1.07853
496,1.06781
496.5,1.09201
497,1.09247
497.5,1.08222
498,1.03996
498.5,1.03475
499,1.0718
499.5,1.07288
500,1.05062
500.5,1.02021
501,1.01375
501.5,0.99861
502,1.00514
502.5,1.0373
503,1.05932
503.5,1.04147
504,1.00938
504.5,1.02897
505,1.04737
505.5,1.06586
506,1.08109
506.5,1.05964
507,1.0434
507.5,1.0254
508,1.01283
508.5,1.04096
509,1.06828
509.5,1.04717
510,1.02884
510.5,1.03008
511,1.03916
511.5,1.06115
512,1.04897
512.5,1.01943
513,1.01527
513.5,1.00926
514,0.990184
514.5,0.997964
515,1.01637
515.5,1.02943
516,1.00673
516.5,0.891644
517,0.823366
517.5,0.888602
518,0.91377
518.5,0.909038
519,0.957227
519.5,0.987167
520,1.00815
520.5,0.990462
521,0.993715
521.5,1.01867
522,1.02446
522.5,0.98894
523,0.976666
523.5,1.01339
524,1.0542
524.5,1.04958
525,1.03074
525.5,1.03275
526,1.00548
526.5,0.925301
527,0.913742
527.5,0.96993
528,1.00991
528.5,1.04229
529,1.06321
529.5,1.03643
530,1.01736
530.5,1.05027
531,1.0745
531.5,1.06424
532,1.03037
532.5,0.979597
533,0.984233
533.5,1.01863
534,1.01694
534.5,1.02201
535,1.03714
535.5,1.06252
536,1.05795
536.5,1.01493
537,0.994898
537.5,1.02058
538,1.04021
538.5,1.03774
539,1.02174
539.5,1.00117
540,0.988018
540.5,0.975435
541,0.98997
541.5,1.01534
542,1.02278
542.5,1.0154
543,1.00573
543.5,1.02088
544,1.04581
544.5,1.02504
545,1.01969
545.5,1.01982
546,1.02268
546.5,1.02485
547,1.02407
547.5,1.00431
548,0.998716
548.5,1.01603
549,1.02361
549.5,1.02645
550,1.02314
550.5,1.01128
551,1.00766
551.5,1.01769
552,1.02786
552.5,1.00839
553,0.99558
553.5,1.00623
554,1.01446
554.5,1.02291
555,1.03579
555.5,1.026
556,1.00979
556.5,0.999987
557,0.985774
557.5,0.996308
558,1.00317
558.5,0.972017
559,0.951389
559.5,0.962356
560,0.968274
560.5,0.99187
561,1.01418
561.5,0.985475
562,0.977003
562.5,0.991798
563,1.00287
563.5,0.999024
564,0.9938
564.5,1.00036
565,1.00363
565.5,0.98099
566,0.96609
566.5,0.97879
567,0.995988
567.5,1.00129
568,0.990128
568.5,0.976887
569,0.983844
569.5,0.993423
570,0.985478
570.5,0.963133
571,0.946715
571.5,0.970418
572,0.998827
572.5,1.00995
573,1.00753
573.5,1.00626
574,1.00499
574.5,0.996785
575,0.986005
575.5,0.977923
576,0.980486
576.5,0.989233
577,0.998086
577.5,0.991215
578,0.972659
578.5,0.967996
579,0.978565
579.5,0.986119
580,0.99244
580.5,0.992459
581,0.989583
581.5,0.993285
582,0.998539
582.5,1.00047
583,1.00125
583.5,1.00031
584,1.0048
584.5,0.997713
585,0.983073
585.5,0.964711
586,0.96366
586.5,0.976306
587,0.990117
587.5,0.993651
588,0.980279
588.5,0.936414
589,0.880882
589.5,0.884634
590,0.936319
590.5,0.967248
591,0.965754
591.5,0.962158
592,0.964644
592.5,0.959739
593,0.954167
593.5,0.962117
594,0.963282
594.5,0.954106
595,0.945275
595.5,0.951621
596,0.956975
596.5,0.957732
597,0.956113
597.5,0.947454
598,0.942227
598.5,0.935494
599,0.939756
599.5,0.946718
600,0.941581
600.5,0.931255
601,0.928113
601.5,0.922387
602,0.915487
602.5,0.922294
603,0.93659
603.5,0.944483
604,0.942276
604.5,0.9446
605,0.943203
605.5,0.940348
606,0.937022
606.5,0.937302
607,0.944079
607.5,0.93773
608,0.923365
608.5,0.922472
609,0.92054
609.5,0.917552
610,0.909478
610.5,0.91429
611,0.925407
611.5,0.919066
612,0.908251
612.5,0.913453
613,0.914213
613.5,0.894988
614,0.893707
614.5,0.907686
615,0.91145
615.5,0.901461
616,0.877425
616.5,0.870504
617,0.883694
617.5,0.902729
618,0.914025
618.5,0.909567
619,0.899182
619.5,0.907211
620,0.918601
620.5,0.920861
621,0.911459
621.5,0.899816
622,0.89784
622.5,0.900371
623,0.890009
623.5,0.889914
624,0.891645
624.5,0.884995
625,0.882685
625.5,0.874363
626,0.880907
626.5,0.888584
627,0.895844
627.5,0.884446
628,0.87134
628.5,0.888366
629,0.893403
629.5,0.883873
630,0.871578
630.5,0.879247
631,0.882429
631.5,0.870079
632,0.872024
632.5,0.885587
633,0.888227
633.5,0.87583
634,0.874041
634.5,0.882533
635,0.886941
635.5,0.878723
636,0.867422
636.5,0.870948
637,0.883124
637.5,0.885584
638,0.881486
638.5,0.881575
639,0.878433
639.5,0.868262
640,0.864959
640.5,0.864668
641,0.860005
641.5,0.86126
642,0.861595
642.5,0.869242
643,0.8692
643.5,0.865795
644,0.867549
644.5,0.871708
645,0.863434
645.5,0.859563
646,0.854425
646.5,0.854891
647,0.85949
647.5,0.8604
648,0.860612
648.5,0.860303
649,0.844957
649.5,0.822216
650,0.840559
650.5,0.861233
651,0.867623
651.5,0.858056
652,0.854604
652.5,0.856817
653,0.857373
653.5,0.85635
654,0.85193
654.5,0.843432
655,0.827816
655.5,0.78045
656,0.69239
656.5,0.711242
657,0.788844
657.5,0.825503
658,0.840141
658.5,0.839707
659,0.833247
659.5,0.832675
660,0.843404
660.5,0.839014
661,0.839047
661.5,0.844121
662,0.846284
662.5,0.84141
663,0.830698
663.5,0.826958
664,0.830757
664.5,0.831529
665,0.83574
665.5,0.835794
666,0.82945
666.5,0.826453
667,0.829759
667.5,0.823324
668,0.8218
668.5,0.828
669,0.828885
669.5,0.824073
670,0.821649
670.5,0.821639
671,0.820694
671.5,0.812485
672,0.810858
672.5,0.815696
673,0.817796
673.5,0.818808
674,0.81775
674.5,0.815413
675,0.812663
675.5,0.814398
676,0.815935
676.5,0.811957
677,0.807737
677.5,0.811292
678,0.812913
678.5,0.812185
679,0.812556
679.5,0.80936
680,0.808936
680.5,0.806182
681,0.807216
681.5,0.808478
682,0.807398
682.5,0.807382
683,0.804835
683.5,0.800275
684,0.795609
684.5,0.794537
685,0.796489
685.5,0.794921
686,0.793806
686.5,0.795883
687,0.795046
687.5,0.796145
688,0.795985
688.5,0.793245
689,0.79317
689.5,0.793507
690,0.793695
690.5,0.793928
691,0.79312
691.5,0.790206
692,0.78917
692.5,0.790324
693,0.790505
693.5,0.791335
694,0.789982
694.5,0.787735
695,0.788032
695.5,0.788212
696,0.789064
696.5,0.790837
697,0.791169
697.5,0.782555
698,0.779749
698.5,0.78641
699,0.785492
699.5,0.783309
700,0.776015
700.5,0.770033
701,0.77302
701.5,0.767284
702,0.768585
702.5,0.767883
703,0.773244
703.5,0.770708
704,0.774885
704.5,0.783386
705,0.779925
705.5,0.773857
706,0.771932
706.5,0.770422
707,0.772711
707.5,0.776206
708,0.773112
708.5,0.76494
709,0.764888
709.5,0.770268
710,0.774676
710.5,0.77371
711,0.768156
711.5,0.765904
712,0.767442
712.5,0.765305
713,0.764639
713.5,0.770658
714,0.775775
714.5,0.764908
715,0.758747
715.5,0.767353
716,0.764381
716.5,0.747413
717,0.74343
717.5,0.736048
718,0.72828
718.5,0.706308
719,0.699458
719.5,0.708488
720,0.715763
720.5,0.721104
721,0.737996
721.5,0.752626
722,0.75249
722.5,0.751857
723,0.747519
723.5,0.733027
724,0.73121
724.5,0.734263
725,0.737737
725.5,0.733353
726,0.734414
726.5,0.733998
727,0.734189
727.5,0.722197
728,0.720528
728.5,0.71727
729,0.705044
729.5,0.716439
730,0.729109
730.5,0.719806
731,0.717306
731.5,0.727355
732,0.731458
732.5,0.726928
733,0.723875
733.5,0.730554
734,0.738515
734.5,0.735201
735,0.726185
735.5,0.720442
736,0.722637
736.5,0.72329
737,0.726164
737.5,0.727337
738,0.724242
738.5,0.707042
739,0.698474
739.5,0.708286
740,0.713472
740.5,0.711745
741,0.701639
741.5,0.699265
742,0.703161
742.5,0.713703
743,0.723088
743.5,0.725638
744,0.718455
744.5,0.709469
745,0.714362
745.5,0.720681
746,0.718446
746.5,0.720477
747,0.724471
747.5,0.720318
748,0.716198
748.5,0.715309
749,0.710614
749.5,0.703404
750,0.706395
750.5,0.705196
751,0.697315
751.5,0.70398
752,0.707967
752.5,0.702271
753,0.70002
753.5,0.705758
754,0.710571
754.5,0.708382
755,0.705093
755.5,0.702211
756,0.701111
756.5,0.701478
757,0.699346
757.5,0.699283
758,0.698186
758.5,0.696916
759,0.701046
759.5,0.704924
760,0.704533
760.5,0.699822
761,0.693765
761.5,0.690196
762,0.691631
762.5,0.694484
763,0.694886
763.5,0.696026
764,0.695744
764.5,0.694091
765,0.692129
765.5,0.688083
766,0.683185
766.5,0.682113
767,0.686186
767.5,0.689467
768,0.688437
768.5,0.686372
769,0.685257
769.5,0.682882
770,0.683669
770.5,0.68543
771,0.684312
771.5,0.68122
772,0.6808
772.5,0.679069
773,0.678383
773.5,0.682685
774,0.680344
774.5,0.668805
775,0.664765
775.5,0.674443
776,0.679326
776.5,0.680625
777,0.67597
777.5,0.66899
778,0.666127
778.5,0.669086
779,0.671058
779.5,0.670165
780,0.667622
780.5,0.667474
781,0.667013
781.5,0.671796
782,0.673455
782.5,0.672676
783,0.663908
783.5,0.657882
784,0.663534
784.5,0.665769
785,0.664377
785.5,0.665293
786,0.666835
786.5,0.665541
787,0.663438
787.5,0.662049
788,0.658992
788.5,0.664705
789,0.663347
789.5,0.656459
790,0.653854
790.5,0.656381
791,0.65638
791.5,0.652558
792,0.647379
792.5,0.646199
793,0.642579
793.5,0.637595
794,0.636736
794.5,0.633067
795,0.639264
795.5,0.645642
796,0.646332
796.5,0.648742
797,0.650563
797.5,0.650891
798,0.650396
798.5,0.650655
799,0.648909
799.5,0.639733
800,0.632408
800.5,0.637529
801,0.640617
801.5,0.642993
802,0.64223
802.5,0.633929
803,0.630272
803.5,0.635481
804,0.637217
804.5,0.628279
805,0.625676
805.5,0.633726
806,0.639763
806.5,0.636563
807,0.632635
807.5,0.632108
808,0.633137
808.5,0.628983
809,0.62673
809.5,0.621499
810,0.621456
810.5,0.627417
811,0.630883
811.5,0.627897
812,0.626697
812.5,0.628785
813,0.626399
813.5,0.622677
814,0.618581
814.5,0.612767
815,0.608805
815.5,0.608553
816,0.606221
816.5,0.599255
817,0.598151
817.5,0.598969
818,0.596189
818.5,0.593318
819,0.593088
819.5,0.582209
820,0.584347
820.5,0.603927
821,0.611909
821.5,0.608786
822,0.595491
822.5,0.583771
823,0.573048
823.5,0.588109
824,0.602611
824.5,0.606225
825,0.606182
825.5,0.601318
826,0.603953
826.5,0.610054
827,0.608629
827.5,0.597766
828,0.592641
828.5,0.593902
829,0.591942
829.5,0.592002
830,0.592872
830.5,0.591201
831,0.590469
831.5,0.589907
832,0.588485
832.5,0.587144
833,0.581086
833.5,0.577415
834,0.577606
834.5,0.581247
835,0.589313
835.5,0.594596
836,0.592246
836.5,0.589839
837,0.589367
837.5,0.589758
838,0.588394
838.5,0.580767
839,0.579495
839.5,0.586767
840,0.590153
840.5,0.587659
841,0.585979
841.5,0.584813
842,0.582816
842.5,0.581878
843,0.582306
843.5,0.577615
844,0.576943
844.5,0.578018
845,0.581426
845.5,0.586382
846,0.586966
846.5,0.5804
847,0.574977
847.5,0.578963
848,0.581099
848.5,0.582478
849,0.575734
849.5,0.541112
850,0.518919
850.5,0.548519
851,0.566907
851.5,0.561876
852,0.562967
852.5,0.56072
853,0.556593
853.5,0.533104
854,0.470578
854.5,0.4552
855,0.493179
855.5,0.528126
856,0.548589
856.5,0.557109
857,0.556065
857.5,0.554502
858,0.551658
858.5,0.550155
859,0.549889
859.5,0.547927
860,0.548112
860.5,0.551382
861,0.549207
861.5,0.545339
862,0.547508
862.5,0.549927
863,0.553501
863.5,0.555455
864,0.553612
864.5,0.548326
865,0.543854
865.5,0.52839
866,0.483386
866.5,0.459981
867,0.484862
867.5,0.515558
868,0.534187
868.5,0.53241
869,0.528819
869.5,0.541546
870,0.552242
870.5,0.552452
871,0.547124
871.5,0.5467
872,0.550689
872.5,0.54928
873,0.545693
873.5,0.541498
874,0.541167
874.5,0.54247
875,0.539118
875.5,0.537752
876,0.542509
876.5,0.544149
877,0.54262
877.5,0.542143
878,0.544172
878.5,0.542028
879,0.535469
879.5,0.534685
880,0.533454
880.5,0.519369
881,0.519803
881.5,0.534331
882,0.537004
882.5,0.533475
883,0.537002
883.5,0.532539
884,0.528836
884.5,0.532877
885,0.535338
885.5,0.533999
886,0.526584
886.5,0.519002
887,0.521219
887.5,0.527849
888,0.530812
888.5,0.533406
889,0.533253
889.5,0.529767
890,0.530621
890.5,0.533929
891,0.53185
891.5,0.530904
892,0.527219
892.5,0.522237
893,0.521325
893.5,0.527223
894,0.527244
894.5,0.521045
895,0.518661
895.5,0.521846
896,0.520934
896.5,0.51638
897,0.514718
897.5,0.514993
898,0.519719
898.5,0.511104
899,0.500889
899.5,0.519686
900,0.510414
900.5,0.504233
901,0.507196
901.5,0.502798
902,0.507463
902.5,0.509525
903,0.520743
903.5,0.528254
904,0.526047
904.5,0.525391
905,0.524824
905.5,0.522752
906,0.513013
906.5,0.508522
907,0.509038
907.5,0.508574
908,0.501736
908.5,0.498862
909,0.495238
909.5,0.493051
910,0.498726
910.5,0.504248
911,0.50713
911.5,0.503796
912,0.504595
912.5,0.508993
913,0.501844
913.5,0.497631
914,0.505696
914.5,0.504413
915,0.495708
915.5,0.490877
916,0.50313
916.5,0.507556
917,0.498205
917.5,0.492865
918,0.498245
918.5,0.504985
919,0.503994
919.5,0.50137
920,0.505411
920.5,0.503588
921,0.495978
921.5,0.490336
922,0.494961
922.5,0.505156
923,0.502255
923.5,0.493773
924,0.491874
924.5,0.495033
925,0.494855
925.5,0.488905
926,0.489381
926.5,0.502154
927,0.507256
927.5,0.506449
928,0.504406
928.5,0.50381
929,0.503213
929.5,0.497074
930,0.496119
930.5,0.488078
931,0.485696
931.5,0.475526
932,0.464529
932.5,0.464446
933,0.468864
933.5,0.455123
934,0.445558
934.5,0.441646
935,0.466603
935.5,0.450737
936,0.457718
936.5,0.468573
937,0.462417
937.5,0.466412
938,0.469436
938.5,0.484521
939,0.50317
939.5,0.516482
940,0.505362
940.5,0.495938
941,0.480549
941.5,0.477481
942,0.478069
942.5,0.467333
943,0.462439
943.5,0.470023
944,0.443009
944.5,0.458991
945,0.478589
945.5,0.461817
946,0.45443
946.5,0.474806
947,0.478944
947.5,0.472438
948,0.465421
948.5,0.476001
949,0.485216
949.5,0.460394
950,0.445872
950.5,0.475539
951,0.487561
951.5,0.470495
952,0.451242
952.5,0.459976
953,0.467631
953.5,0.476545
954,0.477428
954.5,0.46158
955,0.462153
955.5,0.457716
956,0.460379
956.5,0.456007
957,0.457123
957.5,0.469002
958,0.459083
958.5,0.455889
959,0.450201
959.5,0.455455
960,0.46273
960.5,0.458551
961,0.459004
961.5,0.456447
962,0.452397
962.5,0.448754
963,0.448661
963.5,0.441023
964,0.439934
964.5,0.43903
965,0.439194
965.5,0.439706
966,0.441959
966.5,0.442416
967,0.450579
967.5,0.459629
968,0.461718
968.5,0.465253
969,0.465917
969.5,0.468454
970,0.462948
970.5,0.459854
971,0.463764
971.5,0.465608
972,0.462434
972.5,0.459248
973,0.458861
973.5,0.450407
974,0.441496
974.5,0.4395
975,0.437174
975.5,0.429915
976,0.426948
976.5,0.431041
977,0.434496
977.5,0.432595
978,0.437481
978.5,0.439542
979,0.433
979.5,0.429809
980,0.43233
980.5,0.435064
981,0.439696
981.5,0.434857
982,0.443793
982.5,0.438544
983,0.441588
983.5,0.442566
984,0.444898
984.5,0.433231
985,0.439232
985.5,0.440228
986,0.431162
986.5,0.431703
987,0.430814
987.5,0.432203
988,0.436179
988.5,0.431334
989,0.43492
989.5,0.433698
990,0.432012
990.5,0.43806
991,0.432614
991.5,0.421319
992,0.433935
992.5,0.429554
993,0.425654
993.5,0.424976
994,0.43593
994.5,0.434684
995,0.430893
995.5,0.433336
996,0.430942
996.5,0.432009
997,0.42817
997.5,0.429406
998,0.432578
998.5,0.423996
999,0.42964
999.5,0.431518
1000,0.422387
1000.5,0.428724
1001,0.422733
1001.5,0.42032
1002,0.434482
1002.5,0.425183
1003,0.426962
1003.5,0.420146
1004,0.414841
1004.5,0.409894
1005,0.399655
1005.5,0.406965
1006,0.414905
1006.5,0.410252
1007,0.410158
1007.5,0.421878
1008,0.420582
1008.5,0.415651
1009,0.413862
1009.5,0.407402
1010,0.413436
1010.5,0.415776
1011,0.418556
1011.5,0.415105
1012,0.415051
1012.5,0.406084
1013,0.409849
1013.5,0.410214
1014,0.403862
1014.5,0.410259
1015,0.413868
1015.5,0.412187
1016,0.410892
1016.5,0.414793
1017,0.413951
1017.5,0.401412
1018,0.405233
1018.5,0.406446
1019,0.409123
1019.5,0.411669
1020,0.412489
1020.5,0.41053
1021,0.406912
1021.5,0.403298
1022,0.401348
1022.5,0.40216
1023,0.404572
1023.5,0.406859
1024,0.407291
1024.5,0.404713
1025,0.400242
1025.5,0.395568
1026,0.392376
1026.5,0.391892
1027,0.393482
1027.5,0.396048
1028,0.398492
1028.5,0.399941
1029,0.400416
1029.5,0.400159
1030,0.399417
1030.5,0.398373
1031,0.396967
1031.5,0.395079
1032,0.392589
1032.5,0.389515
1033,0.386418
1033.5,0.383998
1034,0.382956
1034.5,0.383712
1035,0.385579
1035.5,0.387588
1036,0.388773
1036.5,0.388529
1037,0.387701
1037.5,0.387496
1038,0.389121
1038.5,0.39327
1039,0.398586
1039.5,0.403199
1040,0.405239
1040.5,0.403466
1041,0.399161
1041.5,0.394237
1042,0.390606
1042.5,0.38959
1043,0.390155
1043.5,0.390677
1044,0.389533
1044.5,0.385695
1045,0.380521
1045.5,0.375968
1046,0.373989
1046.5,0.375877
1047,0.380268
1047.5,0.385136
1048,0.388455
1048.5,0.388775
1049,0.386956
1049.5,0.384435
1050,0.382649
